route_id,agency_id,route_short_name,route_long_name,route_desc,route_type,route_url,route_color,route_text_color
1,NMBS/SNCB,BUS,Lille Flandres (FR) -- Courtrai,,700,,,
10,NMBS/SNCB,BUS,Audenarde -- Zottegem,,700,,,
100,NMBS/SNCB,BUS,Charleroi-Central -- Couvin,,700,,,
101,NMBS/SNCB,BUS,Braine-le-Comte -- Saint-Ghislain,,700,,,
102,NMBS/SNCB,BUS,Mons -- Braine-le-Comte,,700,,,
103,NMBS/SNCB,BUS,Ottignies -- Charleroi-Central,,700,,,
104,NMBS/SNCB,BUS,Mouscron -- Courtrai,,700,,,
105,NMBS/SNCB,BUS,La Louvière-Sud -- Tournai,,700,,,
106,NMBS/SNCB,BUS,Mons -- La Louvière-Sud,,700,,,
107,NMBS/SNCB,BUS,Charleroi-Central -- Tilly,,700,,,
108,NMBS/SNCB,BUS,Bruxelles-Midi -- Ath,,700,,,
109,NMBS/SNCB,BUS,Charleroi-Central -- La Louvière-Centre,,700,,,
11,NMBS/SNCB,BUS,Londerzeel -- Termonde,,700,,,
110,NMBS/SNCB,BUS,Tournai -- Mouscron,,700,,,
111,NMBS/SNCB,BUS,Luttre -- Manage,,700,,,
112,NMBS/SNCB,BUS,La Louvière-Centre -- Manage,,700,,,
113,NMBS/SNCB,BUS,Nivelles -- Charleroi-Central,,700,,,
114,NMBS/SNCB,BUS,Binche -- Braine-le-Comte,,700,,,
115,NMBS/SNCB,BUS,Lille Flandres (FR) -- Tournai,,700,,,
116,NMBS/SNCB,BUS,La Louvière-Sud -- Manage,,700,,,
117,NMBS/SNCB,BUS,Mariembourg -- Couvin,,700,,,
118,NMBS/SNCB,BUS,Ottignies -- Fleurus,,700,,,
119,NMBS/SNCB,BUS,Lierre -- Aarschot,,700,,,
12,NMBS/SNCB,BUS,Ostende -- Gand-Saint-Pierre,,700,,,
120,NMBS/SNCB,BUS,Lierre -- Louvain,,700,,,
121,NMBS/SNCB,BUS,Anvers-Central -- Aarschot,,700,,,
122,NMBS/SNCB,BUS,Anvers-Noorderdokken -- Kapellen,,700,,,
123,NMBS/SNCB,BUS,Rochefort-Jemelle -- Ciney,,700,,,
124,NMBS/SNCB,BUS,Liège-Guillemins -- Visé,,700,,,
125,NMBS/SNCB,BUS,Rochefort-Jemelle -- Bomal,,700,,,
126,NMBS/SNCB,BUS,Marloie -- Bomal,,700,,,
127,NMBS/SNCB,BUS,Luxembourg (LU) -- Ciney,,700,,,
128,NMBS/SNCB,BUS,Marloie -- Ciney,,700,,,
129,NMBS/SNCB,IC,Nivelles -- Charleroi-Central,,103,,,
13,NMBS/SNCB,BUS,Puurs -- Boom,,700,,,
130,NMBS/SNCB,BUS,Luxembourg (LU) -- Athus,,700,,,
131,NMBS/SNCB,BUS,Rodange (LU) -- Athus,,700,,,
132,NMBS/SNCB,BUS,Lille Flandres (FR) -- Mouscron,,700,,,
133,NMBS/SNCB,BUS,Luxembourg (LU) -- Arlon,,700,,,
134,NMBS/SNCB,IC,Ostende -- Courtrai,,103,,,
135,NMBS/SNCB,L,Audenarde -- Renaix,,100,,,
136,NMBS/SNCB,IC,Zottegem -- Courtrai,,103,,,
137,NMBS/SNCB,IC,Zottegem -- Denderleeuw,,103,,,
138,NMBS/SNCB,L,Schellebelle -- Courtrai,,100,,,
139,NMBS/SNCB,IC,Menin -- Poperinge,,103,,,
14,NMBS/SNCB,BUS,Bruges -- Gand-Saint-Pierre,,700,,,
140,NMBS/SNCB,L,Grammont -- Denderleeuw,,100,,,
141,NMBS/SNCB,IC,Audenarde -- Courtrai,,103,,,
142,NMBS/SNCB,L,Gand-Saint-Pierre -- Termonde,,100,,,
143,NMBS/SNCB,IC,Bruges -- Knokke,,103,,,
144,NMBS/SNCB,L,Bruges -- Schellebelle,,100,,,
145,NMBS/SNCB,L,Bruges -- Termonde,,100,,,
146,NMBS/SNCB,IC,Ostende -- Zottegem,,103,,,
147,NMBS/SNCB,IC,Ostende -- Audenarde,,103,,,
148,NMBS/SNCB,L,Zeebrugge-Strand -- Termonde,,100,,,
149,NMBS/SNCB,L,Bruges -- Gand-Saint-Pierre,,100,,,
15,NMBS/SNCB,BUS,Jette -- Termonde,,700,,,
150,NMBS/SNCB,L,Bruges -- Merelbeke,,100,,,
151,NMBS/SNCB,IC,Gand-Saint-Pierre -- Saint-Nicolas,,103,,,
152,NMBS/SNCB,L,Zeebrugge-Strand -- Merelbeke,,100,,,
153,NMBS/SNCB,L,Bruges -- Zeebrugge-Strand,,100,,,
154,NMBS/SNCB,IC,Bruges -- Ostende,,103,,,
155,NMBS/SNCB,IC,Schellebelle -- Denderleeuw,,103,,,
156,NMBS/SNCB,IC,Ostende -- Roulers,,103,,,
157,NMBS/SNCB,IC,Bruges -- Blankenberge,,103,,,
158,NMBS/SNCB,IC,Gand-Saint-Pierre -- Alost,,103,,,
159,NMBS/SNCB,IC,Hasselt -- Landen,,103,,,
16,NMBS/SNCB,BUS,Audenarde -- Courtrai,,700,,,
160,NMBS/SNCB,IC,Anvers-Central -- Lierre,,103,,,
161,NMBS/SNCB,L,Anvers-Central -- Puurs,,100,,,
162,NMBS/SNCB,L,Bruxelles-Midi -- Anvers-Central,,100,,,
163,NMBS/SNCB,L,Puurs -- Hoboken-Polder,,100,,,
164,NMBS/SNCB,IC,Anvers-Central -- Herentals,,103,,,
165,NMBS/SNCB,IC,Hasselt -- Louvain,,103,,,
166,NMBS/SNCB,L,Hasselt -- Landen,,100,,,
167,NMBS/SNCB,L,Louvain -- Landen,,100,,,
168,NMBS/SNCB,IC,Tongres -- Louvain,,103,,,
169,NMBS/SNCB,L,Essen -- Kapellen,,100,,,
17,NMBS/SNCB,BUS,Lichtervelde -- Courtrai,,700,,,
170,NMBS/SNCB,L,Anvers-Central -- Essen,,100,,,
171,NMBS/SNCB,L,Anvers-Central -- Kapellen,,100,,,
172,NMBS/SNCB,L,Hasselt -- Diest,,100,,,
173,NMBS/SNCB,L,Anvers-Central -- Malines,,100,,,
174,NMBS/SNCB,L,Louvain -- Aarschot,,100,,,
175,NMBS/SNCB,L,Saint-Trond -- Louvain,,100,,,
176,NMBS/SNCB,L,Anvers-Noorderdokken -- Puurs,,100,,,
177,NMBS/SNCB,L,Anvers-Central -- Anvers-Noorderdokken,,100,,,
178,NMBS/SNCB,L,Bruxelles-Midi -- Braine-le-Comte,,100,,,
179,NMBS/SNCB,IC,Liège-Guillemins -- Trois-Ponts,,103,,,
18,NMBS/SNCB,BUS,Anvers-Central -- Saint-Nicolas,,700,,,
180,NMBS/SNCB,L,Liège-Guillemins -- Visé,,100,,,
181,NMBS/SNCB,L,Gendron-Celles -- Libramont,,100,,,
182,NMBS/SNCB,IC,Namur -- Dinant,,103,,,
183,NMBS/SNCB,L,Verviers-Central -- Welkenraedt,,100,,,
184,NMBS/SNCB,IC,Welkenraedt -- Eupen,,103,,,
185,NMBS/SNCB,IC,Liers -- Trois-Ponts,,103,,,
186,NMBS/SNCB,L,Gendron-Celles -- Bertrix,,100,,,
187,NMBS/SNCB,IC,Liers -- Rivage,,103,,,
188,NMBS/SNCB,IC,Bruxelles-Midi -- Ciney,,103,,,
189,NMBS/SNCB,IC,Liers -- Namur,,103,,,
19,NMBS/SNCB,BUS,Bruges -- Lichtervelde,,700,,,
190,NMBS/SNCB,IC,Liège-Guillemins -- Liers,,103,,,
191,NMBS/SNCB,IC,Liège-Guillemins -- Welkenraedt,,103,,,
192,NMBS/SNCB,IC,Verviers-Central -- Eupen,,103,,,
193,NMBS/SNCB,P,Ottignies -- Arlon,,103,,,
194,NMBS/SNCB,P,Herstal -- Bomal,,103,,,
195,NMBS/SNCB,P,Bruxelles-Midi -- Arlon,,103,,,
196,NMBS/SNCB,L,Mons -- Quévy,,100,,,
197,NMBS/SNCB,IC,Mons -- Mouscron,,103,,,
198,NMBS/SNCB,IC,Tournai -- Ath,,103,,,
199,NMBS/SNCB,IC,Mouscron -- Courtrai,,103,,,
2,NMBS/SNCB,BUS,Gand-Saint-Pierre -- Courtrai,,700,,,
20,NMBS/SNCB,BUS,Zottegem -- Courtrai,,700,,,
200,NMBS/SNCB,IC,Saint-Ghislain -- Mouscron,,103,,,
201,NMBS/SNCB,L,Wavre -- Tilly,,100,,,
202,NMBS/SNCB,L,Ottignies -- Tilly,,100,,,
203,NMBS/SNCB,IC,Charleroi-Central -- Mons,,103,,,
204,NMBS/SNCB,IC,Charleroi-Central -- Mouscron,,103,,,
205,NMBS/SNCB,L,Ottignies -- Wavre,,100,,,
206,NMBS/SNCB,IC,Binche -- Braine-le-Comte,,103,,,
207,NMBS/SNCB,IC,La Louvière-Sud -- Binche,,103,,,
208,NMBS/SNCB,L,Nivelles -- Luttre,,100,,,
209,NMBS/SNCB,L,Jambes -- Tamines,,100,,,
21,NMBS/SNCB,BUS,Gand-Saint-Pierre -- Alost,,700,,,
210,NMBS/SNCB,L,Namur -- Tamines,,100,,,
211,NMBS/SNCB,IC,La Louvière-Sud -- Braine-le-Comte,,103,,,
212,NMBS/SNCB,IC,Mons -- Braine-le-Comte,,103,,,
213,NMBS/SNCB,L,Ottignies -- Fleurus,,100,,,
214,NMBS/SNCB,IC,La Louvière-Centre -- Binche,,103,,,
215,NMBS/SNCB,IC,Charleroi-Central -- Fleurus,,103,,,
216,NMBS/SNCB,S34,Termonde -- Saint-Nicolas,,100,,,
217,NMBS/SNCB,S34,Lokeren -- Melsele,,100,,,
218,NMBS/SNCB,S34,Anvers-Berchem -- Termonde,,100,,,
219,NMBS/SNCB,S34,Termonde -- Melsele,,100,,,
22,NMBS/SNCB,BUS,Gand-Saint-Pierre -- Audenarde,,700,,,
220,NMBS/SNCB,S34,Anvers-Berchem -- Saint-Nicolas,,100,,,
221,NMBS/SNCB,S34,Anvers-Central -- Termonde,,100,,,
222,NMBS/SNCB,S34,Anvers-Central -- Lokeren,,100,,,
223,NMBS/SNCB,S34,Anvers-Berchem -- Lokeren,,100,,,
224,NMBS/SNCB,IC,Genk -- Bruges,,103,,,
225,NMBS/SNCB,IC,Hasselt -- Bruges,,103,,,
226,NMBS/SNCB,IC,Genk -- Blankenberge,,103,,,
227,NMBS/SNCB,IC,Genk -- Gand-Saint-Pierre,,103,,,
228,NMBS/SNCB,IC,Hasselt -- Blankenberge,,103,,,
229,NMBS/SNCB,L,Rodange (LU) -- Athus,,100,,,
23,NMBS/SNCB,BUS,Bruges -- Blankenberge,,700,,,
230,NMBS/SNCB,IC,Landen -- Blankenberge,,103,,,
231,NMBS/SNCB,IC,Louvain -- Blankenberge,,103,,,
232,NMBS/SNCB,IC,Bruxelles-Nord -- Blankenberge,,103,,,
233,NMBS/SNCB,IC,Hasselt -- Gand-Saint-Pierre,,103,,,
234,NMBS/SNCB,S6,Schaerbeek -- Grammont,,100,,,
235,NMBS/SNCB,S6,Schaerbeek -- Audenarde,,100,,,
236,NMBS/SNCB,S6,Audenarde -- Grammont,,100,,,
237,NMBS/SNCB,S6,Grammont -- Denderleeuw,,100,,,
238,NMBS/SNCB,S6,Schaerbeek -- Denderleeuw,,100,,,
239,NMBS/SNCB,S6,Schaerbeek -- Zottegem,,100,,,
24,NMBS/SNCB,BUS,Courtrai -- Comines,,700,,,
240,NMBS/SNCB,S6,Zottegem -- Grammont,,100,,,
241,NMBS/SNCB,S6,Enghien -- Denderleeuw,,100,,,
242,NMBS/SNCB,S6,Enghien -- Grammont,,100,,,
243,NMBS/SNCB,L,Audenarde -- Zottegem,,100,,,
244,NMBS/SNCB,L,Zottegem -- Courtrai,,100,,,
245,NMBS/SNCB,L,Audenarde -- Courtrai,,100,,,
246,NMBS/SNCB,IC,Liège-Guillemins -- Mons,,103,,,
247,NMBS/SNCB,IC,Tongres -- Mons,,103,,,
248,NMBS/SNCB,IC,Liège-Guillemins -- Quiévrain,,103,,,
249,NMBS/SNCB,IC,Tongres -- Quiévrain,,103,,,
25,NMBS/SNCB,BUS,Gand-Saint-Pierre -- Lokeren,,700,,,
250,NMBS/SNCB,IC,Hasselt -- Quiévrain,,103,,,
251,NMBS/SNCB,IC,Schaerbeek -- Courtrai,,103,,,
252,NMBS/SNCB,L,Termonde -- Lokeren,,100,,,
253,NMBS/SNCB,IC,Burst -- Courtrai,,103,,,
254,NMBS/SNCB,IC,Gand-Saint-Pierre -- Denderleeuw,,103,,,
255,NMBS/SNCB,IC,Aarschot -- Quiévrain,,103,,,
256,NMBS/SNCB,IC,Bruxelles-Midi -- Libramont,,103,,,
257,NMBS/SNCB,IC,Landen -- Liège-Guillemins,,103,,,
258,NMBS/SNCB,L,Liège-Guillemins -- Waremme,,100,,,
259,NMBS/SNCB,L,Liège-Guillemins -- Liers,,100,,,
26,NMBS/SNCB,BUS,Gand-Saint-Pierre -- Renaix,,700,,,
260,NMBS/SNCB,L,Gand-Saint-Pierre -- Eeklo,,100,,,
261,NMBS/SNCB,IC,Knokke -- Gand-Saint-Pierre,,103,,,
262,NMBS/SNCB,IC,Anvers-Central -- Mol,,103,,,
263,NMBS/SNCB,L,Ath -- Grammont,,100,,,
264,NMBS/SNCB,L,Liège-Guillemins -- Verviers-Central,,100,,,
265,NMBS/SNCB,IC,Schaerbeek -- Mons,,103,,,
266,NMBS/SNCB,IC,Courtrai -- Poperinge,,103,,,
267,NMBS/SNCB,IC,Bruxelles-Midi -- Rochefort-Jemelle,,103,,,
268,NMBS/SNCB,IC,Liège-Guillemins -- Saint-Ghislain,,103,,,
269,NMBS/SNCB,IC,Tongres -- Saint-Ghislain,,103,,,
27,NMBS/SNCB,BUS,Alost -- Denderleeuw,,700,,,
270,NMBS/SNCB,S1,Bruxelles-Midi -- Anvers-Central,,100,,,
271,NMBS/SNCB,S1,Nivelles -- Anvers-Central,,100,,,
272,NMBS/SNCB,S1,Bruxelles-Midi -- Nivelles,,100,,,
273,NMBS/SNCB,S1,Nivelles -- Malines,,100,,,
274,NMBS/SNCB,S1,Vilvorde -- Nivelles,,100,,,
275,NMBS/SNCB,S1,Vilvorde -- Bruxelles-Midi,,100,,,
276,NMBS/SNCB,S1,Schaerbeek -- Nivelles,,100,,,
277,NMBS/SNCB,T,Ottignies -- Wavre,,103,,,
278,NMBS/SNCB,T,Ottignies -- Bruxelles-Midi,,103,,,
279,NMBS/SNCB,IC,Anvers-Central -- Gand-Saint-Pierre,,103,,,
28,NMBS/SNCB,BUS,Courtrai -- Roulers,,700,,,
280,NMBS/SNCB,T,Schaerbeek -- Cambron-Casteau,,103,,,
281,NMBS/SNCB,IC,Anvers-Central -- Ostende,,103,,,
282,NMBS/SNCB,IC,Ostende -- Saint-Nicolas,,103,,,
283,NMBS/SNCB,T,Dinant -- Houyet,,103,,,
284,NMBS/SNCB,T,Liège-Guillemins -- Rochefort-Jemelle,,103,,,
285,NMBS/SNCB,EXP,Bruges -- Knokke,,103,,,
286,NMBS/SNCB,EXP,Turnhout -- Blankenberge,,103,,,
287,NMBS/SNCB,EXP,Anvers-Central -- Blankenberge,,103,,,
288,NMBS/SNCB,EXP,Charleroi-Central -- Blankenberge,,103,,,
289,NMBS/SNCB,EXP,Neerpelt -- Blankenberge,,103,,,
29,NMBS/SNCB,BUS,Malines -- Louvain,,700,,,
290,NMBS/SNCB,EXP,Schaerbeek -- Blankenberge,,103,,,
291,NMBS/SNCB,EXP,Schaerbeek -- Ostende,,103,,,
292,NMBS/SNCB,EXP,Tongres -- Ostende,,103,,,
293,NMBS/SNCB,EXP,Arlon -- Ostende,,103,,,
294,NMBS/SNCB,EXP,Schaerbeek -- La Panne,,103,,,
295,NMBS/SNCB,EXP,Gand-Saint-Pierre -- La Panne,,103,,,
296,NMBS/SNCB,EXP,Louvain -- Ostende,,103,,,
297,NMBS/SNCB,EXP,Louvain -- Blankenberge,,103,,,
298,NMBS/SNCB,EXP,Hasselt -- Blankenberge,,103,,,
299,NMBS/SNCB,EXTRA,Herentals -- Louvain,,103,,,
3,NMBS/SNCB,BUS,Zottegem -- Denderleeuw,,700,,,
30,NMBS/SNCB,BUS,Louvain -- Liège-Guillemins,,700,,,
300,NMBS/SNCB,EXTRA,Mol -- Louvain,,103,,,
301,NMBS/SNCB,EXTRA,Herentals -- Sint-Joris-Weert,,103,,,
302,NMBS/SNCB,EXTRA,Ottignies -- Louvain-la-Neuve,,103,,,
303,NMBS/SNCB,S52,Gand-Saint-Pierre -- Grammont,,100,,,
304,NMBS/SNCB,S52,Melle -- Grammont,,100,,,
305,NMBS/SNCB,S52,Eeklo -- Grammont,,100,,,
306,NMBS/SNCB,IC,Luxembourg (LU) -- Arlon,,103,,,
307,NMBS/SNCB,S52,Gand-Saint-Pierre -- Zottegem,,100,,,
308,NMBS/SNCB,S43,Maastricht (NL) -- Liège-Guillemins,,100,,,
309,NMBS/SNCB,S43,Aachen Hbf (DE) -- Liège-Guillemins,,100,,,
31,NMBS/SNCB,BUS,Mol -- Hamont,,700,,,
310,NMBS/SNCB,S43,Heerlen -- Liège-Guillemins,,100,,,
311,NMBS/SNCB,S43,Aachen Hbf (DE) -- Visé,,100,,,
312,NMBS/SNCB,IC,Bruxelles-Midi -- Brussels Airport-Zaventem,,103,,,
313,NMBS/SNCB,IC,Brussels Airport-Zaventem -- Tournai,,103,,,
314,NMBS/SNCB,IC,Brussels Airport-Zaventem -- Enghien,,103,,,
315,NMBS/SNCB,IC,Bruxelles-Midi -- Tournai,,103,,,
316,NMBS/SNCB,S1,Anvers-Central -- Charleroi-Central,,100,,,
317,NMBS/SNCB,S1,Schaerbeek -- Bruxelles-Midi,,100,,,
318,NMBS/SNCB,S1,Bruxelles-Midi -- Malines,,100,,,
319,NMBS/SNCB,S1,Bruxelles-Nord -- Nivelles,,100,,,
32,NMBS/SNCB,BUS,Louvain -- Landen,,700,,,
320,NMBS/SNCB,IC,Lille Flandres (FR) -- Courtrai,,103,,,
321,NMBS/SNCB,S63,Maubeuge (FR) -- Charleroi-Central,,100,,,
322,NMBS/SNCB,S63,Erquelinnes -- Charleroi-Central,,100,,,
323,NMBS/SNCB,IC,Lille Flandres (FR) -- Tournai,,103,,,
324,NMBS/SNCB,IC,Lille Flandres (FR) -- Namur,,103,,,
325,NMBS/SNCB,IC,Bruxelles-Midi -- Essen,,103,,,
326,NMBS/SNCB,IC,Essen -- Charleroi-Central,,103,,,
327,NMBS/SNCB,IC,Anvers-Central -- Charleroi-Central,,103,,,
328,NMBS/SNCB,IC,Bruxelles-Nord -- Charleroi-Central,,103,,,
329,NMBS/SNCB,S10,Bruxelles-Midi -- Alost,,100,,,
33,NMBS/SNCB,BUS,Hasselt -- Genk,,700,,,
330,NMBS/SNCB,S10,Bruxelles-Midi -- Denderleeuw,,100,,,
331,NMBS/SNCB,S10,Termonde -- Alost,,100,,,
332,NMBS/SNCB,S10,Termonde -- Denderleeuw,,100,,,
333,NMBS/SNCB,IC,Luxembourg (LU) -- Namur,,103,,,
334,NMBS/SNCB,IC,Luxembourg (LU) -- Bruxelles-Midi,,103,,,
335,NMBS/SNCB,IC,Luxembourg (LU) -- Marloie,,103,,,
336,NMBS/SNCB,IC,Rochefort-Jemelle -- Arlon,,103,,,
337,NMBS/SNCB,IC,Luxembourg (LU) -- Rochefort-Jemelle,,103,,,
338,NMBS/SNCB,IC,Bruxelles-Midi -- Arlon,,103,,,
339,NMBS/SNCB,IC,Marloie -- Arlon,,103,,,
34,NMBS/SNCB,BUS,Anvers-Berchem -- Hoboken-Polder,,700,,,
340,NMBS/SNCB,IC,Bruxelles-Midi -- Namur,,103,,,
341,NMBS/SNCB,S4,Malines -- Alost,,100,,,
342,NMBS/SNCB,S4,Bruxelles-Luxembourg -- Malines,,100,,,
343,NMBS/SNCB,IC,Tongres -- Gand-Saint-Pierre,,103,,,
344,NMBS/SNCB,IC,Brussels Airport-Zaventem -- Gand-Saint-Pierre,,103,,,
345,NMBS/SNCB,IC,Gand-Saint-Pierre -- Lokeren,,103,,,
346,NMBS/SNCB,IC,Lokeren -- Denderleeuw,,103,,,
347,NMBS/SNCB,IC,Brussels Airport-Zaventem -- Alost,,103,,,
348,NMBS/SNCB,IC,Merelbeke -- Lokeren,,103,,,
349,NMBS/SNCB,IC,Gand-Saint-Pierre -- Termonde,,103,,,
35,NMBS/SNCB,BUS,Anvers-Central -- Mol,,700,,,
350,NMBS/SNCB,IC,Termonde -- Denderleeuw,,103,,,
351,NMBS/SNCB,IC,Merelbeke -- Termonde,,103,,,
352,NMBS/SNCB,IC,Termonde -- Lokeren,,103,,,
353,NMBS/SNCB,IC,Brussels Airport-Zaventem -- Schellebelle,,103,,,
354,NMBS/SNCB,S3,Audenarde -- Termonde,,100,,,
355,NMBS/SNCB,S3,Termonde -- Grammont,,100,,,
356,NMBS/SNCB,S3,Bruxelles-Midi -- Termonde,,100,,,
357,NMBS/SNCB,S3,Termonde -- Zottegem,,100,,,
358,NMBS/SNCB,S3,Bruxelles-Nord -- Denderleeuw,,100,,,
359,NMBS/SNCB,S3,Termonde -- Denderleeuw,,100,,,
36,NMBS/SNCB,BUS,Anvers-Central -- Noorderkempen (Brecht),,700,,,
360,NMBS/SNCB,S3,Bruxelles-Nord -- Enghien,,100,,,
361,NMBS/SNCB,S3,Bruxelles-Midi -- Denderleeuw,,100,,,
362,NMBS/SNCB,S3,Jette -- Bruxelles-Midi,,100,,,
363,NMBS/SNCB,S3,Jette -- Denderleeuw,,100,,,
364,NMBS/SNCB,S3,Grammont -- Denderleeuw,,100,,,
365,NMBS/SNCB,S3,Bruxelles-Nord -- Grammont,,100,,,
366,NMBS/SNCB,S3,Bruxelles-Midi -- Grammont,,100,,,
367,NMBS/SNCB,S3,Bruxelles-Nord -- Audenarde,,100,,,
368,NMBS/SNCB,S3,Bruxelles-Nord -- Zottegem,,100,,,
369,NMBS/SNCB,IC,Brussels Airport-Zaventem -- Courtrai,,103,,,
37,NMBS/SNCB,BUS,Hasselt -- Aarschot,,700,,,
370,NMBS/SNCB,IC,Brussels Airport-Zaventem -- Zottegem,,103,,,
371,NMBS/SNCB,IC,Brussels Airport-Zaventem -- Denderleeuw,,103,,,
372,NMBS/SNCB,IC,Brussels Airport-Zaventem -- Audenarde,,103,,,
373,NMBS/SNCB,IC,Brussels Airport-Zaventem -- Ostende,,103,,,
374,NMBS/SNCB,IC,Audenarde -- Denderleeuw,,103,,,
375,NMBS/SNCB,S32,Anvers-Central -- Essen,,100,,,
376,NMBS/SNCB,S32,Essen -- Puurs,,100,,,
377,NMBS/SNCB,S32,Anvers-Central -- Puurs,,100,,,
378,NMBS/SNCB,IC,Liège-Saint-Lambert -- Namur,,103,,,
379,NMBS/SNCB,IC,Liège-Guillemins -- Namur,,103,,,
38,NMBS/SNCB,BUS,Anvers-Central -- Herentals,,700,,,
380,NMBS/SNCB,IC,Bruxelles-Midi -- Liège-Saint-Lambert,,103,,,
381,NMBS/SNCB,IC,Bruxelles-Midi -- Liège-Guillemins,,103,,,
382,NMBS/SNCB,IC,Liège-Saint-Lambert -- Tournai,,103,,,
383,NMBS/SNCB,IC,Liège-Guillemins -- Tournai,,103,,,
384,NMBS/SNCB,IC,Liège-Saint-Lambert -- Enghien,,103,,,
385,NMBS/SNCB,IC,Liège-Saint-Lambert -- Ostende,,103,,,
386,NMBS/SNCB,IC,Liège-Guillemins -- Ostende,,103,,,
387,NMBS/SNCB,L,Hasselt -- Louvain,,100,,,
388,NMBS/SNCB,L,Begijnendijk -- Hasselt,,100,,,
389,NMBS/SNCB,IC,Namur -- Yvoir,,103,,,
39,NMBS/SNCB,BUS,Hasselt -- Saint-Trond,,700,,,
390,NMBS/SNCB,IC,Bruxelles-Midi -- Dinant,,103,,,
391,NMBS/SNCB,IC,Brussels Airport-Zaventem -- Dinant,,103,,,
392,NMBS/SNCB,IC,Ottignies -- Dinant,,103,,,
393,NMBS/SNCB,IC,Bruxelles-Midi -- Yvoir,,103,,,
394,NMBS/SNCB,IC,Bruxelles-Luxembourg -- Dinant,,103,,,
395,NMBS/SNCB,IC,Bruxelles-Midi -- Gembloux,,103,,,
396,NMBS/SNCB,IC,Ottignies -- Namur,,103,,,
397,NMBS/SNCB,S32,Roosendaal (NL) -- Kapellen,,100,,,
398,NMBS/SNCB,S32,Roosendaal (NL) -- Anvers-Central,,100,,,
399,NMBS/SNCB,S32,Roosendaal (NL) -- Boom,,100,,,
4,NMBS/SNCB,BUS,Audenarde -- Renaix,,700,,,
40,NMBS/SNCB,BUS,Neerpelt -- Hamont,,700,,,
400,NMBS/SNCB,S32,Anvers-Central -- Kapellen,,100,,,
401,NMBS/SNCB,S32,Roosendaal (NL) -- Puurs,,100,,,
402,NMBS/SNCB,S32,Roosendaal (NL) -- Anvers-Berchem,,100,,,
403,NMBS/SNCB,S32,Essen -- Kapellen,,100,,,
404,NMBS/SNCB,S32,Anvers-Berchem -- Essen,,100,,,
405,NMBS/SNCB,S32,Anvers-Berchem -- Puurs,,100,,,
406,NMBS/SNCB,IC,Anvers-Central -- Louvain,,103,,,
407,NMBS/SNCB,IC,Anvers-Central -- Hasselt,,103,,,
408,NMBS/SNCB,IC,Brussels Airport-Zaventem -- Anvers-Central,,103,,,
409,NMBS/SNCB,IC,Brussels Airport-Zaventem -- Hasselt,,103,,,
41,NMBS/SNCB,BUS,Herentals -- Mol,,700,,,
410,NMBS/SNCB,IC,Anvers-Central -- Tongres,,103,,,
411,NMBS/SNCB,IC,Anvers-Central -- Aarschot,,103,,,
412,NMBS/SNCB,IC,Malines -- Louvain,,103,,,
413,NMBS/SNCB,IC,Brussels Airport-Zaventem -- Louvain,,103,,,
414,NMBS/SNCB,IC,Anvers-Berchem -- Hasselt,,103,,,
415,NMBS/SNCB,L,Louvain -- Saint-Nicolas,,100,,,
416,NMBS/SNCB,L,Malines -- Saint-Nicolas,,100,,,
417,NMBS/SNCB,L,Willebroek -- Saint-Nicolas,,100,,,
418,NMBS/SNCB,IC,Liège-Guillemins -- Bruges,,103,,,
419,NMBS/SNCB,IC,Brussels Airport-Zaventem -- Bruges,,103,,,
42,NMBS/SNCB,BUS,Louvain -- Ans,,700,,,
420,NMBS/SNCB,IC,Liège-Guillemins -- Knokke,,103,,,
421,NMBS/SNCB,IC,Brussels Airport-Zaventem -- Knokke,,103,,,
422,NMBS/SNCB,IC,Bruxelles-Midi -- Louvain,,103,,,
423,NMBS/SNCB,IC,Louvain -- Knokke,,103,,,
424,NMBS/SNCB,IC,Landen -- Knokke,,103,,,
425,NMBS/SNCB,L,Anvers-Central -- Louvain,,100,,,
426,NMBS/SNCB,L,Hasselt -- Aarschot,,100,,,
427,NMBS/SNCB,IC,Hasselt -- Aarschot,,103,,,
428,NMBS/SNCB,L,Anvers-Central -- Hasselt,,100,,,
429,NMBS/SNCB,L,Anvers-Central -- Aarschot,,100,,,
43,NMBS/SNCB,BUS,Lierre -- Herentals,,700,,,
430,NMBS/SNCB,IC,Hasselt -- Liège-Guillemins,,103,,,
431,NMBS/SNCB,IC,Anvers-Central -- Liège-Guillemins,,103,,,
432,NMBS/SNCB,S33,Anvers-Central -- Mol,,100,,,
433,NMBS/SNCB,IC,Gand-Saint-Pierre -- La Panne,,103,,,
434,NMBS/SNCB,IC,Anvers-Central -- La Panne,,103,,,
435,NMBS/SNCB,S20,Ottignies -- Louvain,,100,,,
436,NMBS/SNCB,S20,Ottignies -- Wavre,,100,,,
437,NMBS/SNCB,S20,Louvain -- Sint-Joris-Weert,,100,,,
438,NMBS/SNCB,IC,Bruxelles-Midi -- Anvers-Central,,103,,,
439,NMBS/SNCB,IC,Anvers-Berchem -- Charleroi-Central,,103,,,
44,NMBS/SNCB,BUS,Mol -- Neerpelt,,700,,,
440,NMBS/SNCB,IC,Kontich-Lint -- Charleroi-Central,,103,,,
441,NMBS/SNCB,IC,Anvers-Central -- Binche,,103,,,
442,NMBS/SNCB,IC,Bruxelles-Midi -- Anvers-Berchem,,103,,,
443,NMBS/SNCB,IC,Nivelles -- Anvers-Central,,103,,,
444,NMBS/SNCB,IC,Bruxelles-Midi -- Kontich-Lint,,103,,,
445,NMBS/SNCB,IC,Tournai -- Saint-Nicolas,,103,,,
446,NMBS/SNCB,IC,Tournai -- Termonde,,103,,,
447,NMBS/SNCB,IC,Mouscron -- Saint-Nicolas,,103,,,
448,NMBS/SNCB,IC,Mouscron -- Termonde,,103,,,
449,NMBS/SNCB,IC,Saint-Nicolas -- Courtrai,,103,,,
45,NMBS/SNCB,BUS,Hasselt -- Tongres,,700,,,
450,NMBS/SNCB,IC,Bruxelles-Midi -- Termonde,,103,,,
451,NMBS/SNCB,IC,Termonde -- Courtrai,,103,,,
452,NMBS/SNCB,IC,Jette -- Courtrai,,103,,,
453,NMBS/SNCB,IC,Tournai -- Courtrai,,103,,,
454,NMBS/SNCB,IC,Ath -- Courtrai,,103,,,
455,NMBS/SNCB,IC,Ath -- Saint-Nicolas,,103,,,
456,NMBS/SNCB,IC,Ath -- Termonde,,103,,,
457,NMBS/SNCB,S9,Nivelles -- Landen,,100,,,
458,NMBS/SNCB,S9,Bruxelles-Luxembourg -- Landen,,100,,,
459,NMBS/SNCB,S9,Nivelles -- Louvain,,100,,,
46,NMBS/SNCB,BUS,Anvers-Central -- Kapellen,,700,,,
460,NMBS/SNCB,S9,Bruxelles-Luxembourg -- Louvain,,100,,,
461,NMBS/SNCB,S7,Bruxelles-Luxembourg -- Malines,,100,,,
462,NMBS/SNCB,S5,Malines -- Enghien,,100,,,
463,NMBS/SNCB,S5,Malines -- Grammont,,100,,,
464,NMBS/SNCB,S5,Hal -- Malines,,100,,,
465,NMBS/SNCB,S5,Vilvorde -- Hal,,100,,,
466,NMBS/SNCB,S5,Bruxelles-Luxembourg -- Hal,,100,,,
467,NMBS/SNCB,S5,Malines -- Denderleeuw,,100,,,
468,NMBS/SNCB,S5,Bruxelles-Luxembourg -- Malines,,100,,,
469,NMBS/SNCB,IC,Schaerbeek -- Binche,,103,,,
47,NMBS/SNCB,BUS,Louvain -- Waremme,,700,,,
470,NMBS/SNCB,IC,Turnhout -- Binche,,103,,,
471,NMBS/SNCB,IC,Schaerbeek -- Manage,,103,,,
472,NMBS/SNCB,IC,Schaerbeek -- Braine-le-Comte,,103,,,
473,NMBS/SNCB,IC,Schaerbeek -- Hal,,103,,,
474,NMBS/SNCB,IC,Hal -- Binche,,103,,,
475,NMBS/SNCB,IC,Lierre -- Binche,,103,,,
476,NMBS/SNCB,IC,Turnhout -- La Louvière-Sud,,103,,,
477,NMBS/SNCB,IC,Schaerbeek -- La Louvière-Sud,,103,,,
478,NMBS/SNCB,IC,Hal -- La Louvière-Sud,,103,,,
479,NMBS/SNCB,S7,Vilvorde -- Hal,,100,,,
48,NMBS/SNCB,BUS,Landen -- Ans,,700,,,
480,NMBS/SNCB,S7,Vilvorde -- Grammont,,100,,,
481,NMBS/SNCB,S5,Bruxelles-Luxembourg -- Enghien,,100,,,
482,NMBS/SNCB,IC,Bruxelles-Midi -- Landen,,103,,,
483,NMBS/SNCB,IC,Landen -- Gand-Saint-Pierre,,103,,,
484,NMBS/SNCB,IC,Louvain -- Gand-Saint-Pierre,,103,,,
485,NMBS/SNCB,IC,Bruxelles-Midi -- Genk,,103,,,
486,NMBS/SNCB,IC,Bruxelles-Nord -- Gand-Saint-Pierre,,103,,,
487,NMBS/SNCB,IC,Schaerbeek -- Gand-Saint-Pierre,,103,,,
488,NMBS/SNCB,IC,Louvain -- La Panne,,103,,,
489,NMBS/SNCB,IC,Bruxelles-Nord -- La Panne,,103,,,
49,NMBS/SNCB,BUS,Lierre -- Hamont,,700,,,
490,NMBS/SNCB,IC,Schaerbeek -- La Panne,,103,,,
491,NMBS/SNCB,IC,Landen -- La Panne,,103,,,
492,NMBS/SNCB,IC,Bruxelles-Midi -- Gand-Saint-Pierre,,103,,,
493,NMBS/SNCB,S2,Louvain -- Braine-le-Comte,,100,,,
494,NMBS/SNCB,S2,Bruxelles-Nord -- Louvain,,100,,,
495,NMBS/SNCB,S2,Schaerbeek -- Braine-le-Comte,,100,,,
496,NMBS/SNCB,S2,Hal -- Louvain,,100,,,
497,NMBS/SNCB,IC,Brussels Airport-Zaventem -- Mons,,103,,,
498,NMBS/SNCB,IC,Brussels Airport-Zaventem -- Quévy,,103,,,
499,NMBS/SNCB,S2,Bruxelles-Midi -- Louvain,,100,,,
5,NMBS/SNCB,BUS,Courtrai -- Poperinge,,700,,,
50,NMBS/SNCB,BUS,Herentals -- Hamont,,700,,,
500,NMBS/SNCB,S2,Schaerbeek -- Louvain,,100,,,
501,NMBS/SNCB,IC,Herstal -- Mons,,103,,,
502,NMBS/SNCB,IC,Liers -- Mons,,103,,,
503,NMBS/SNCB,IC,Liers -- Tamines,,103,,,
504,NMBS/SNCB,IC,Liers -- La Louvière-Sud,,103,,,
505,NMBS/SNCB,IC,Tamines -- Mons,,103,,,
506,NMBS/SNCB,IC,Liers -- Mouscron,,103,,,
507,NMBS/SNCB,IC,Liers -- Tournai,,103,,,
508,NMBS/SNCB,IC,Liège-Guillemins -- Mouscron,,103,,,
509,NMBS/SNCB,IC,Tamines -- Mouscron,,103,,,
51,NMBS/SNCB,BUS,Lierre -- Mol,,700,,,
510,NMBS/SNCB,IC,Namur -- Mons,,103,,,
511,NMBS/SNCB,IC,Namur -- Mouscron,,103,,,
512,NMBS/SNCB,IC,Namur -- Tamines,,103,,,
513,NMBS/SNCB,IC,Namur -- Tournai,,103,,,
514,NMBS/SNCB,IC,Namur -- La Louvière-Sud,,103,,,
515,NMBS/SNCB,IC,Charleroi-Central -- La Louvière-Sud,,103,,,
516,NMBS/SNCB,IC,Mons -- Tournai,,103,,,
517,NMBS/SNCB,IC,Charleroi-Central -- Tournai,,103,,,
518,NMBS/SNCB,IC,Herstal -- La Louvière-Sud,,103,,,
519,NMBS/SNCB,IC,Liers -- Charleroi-Central,,103,,,
52,NMBS/SNCB,BUS,Anvers-Central -- Essen,,700,,,
520,NMBS/SNCB,IC,Herstal -- Charleroi-Central,,103,,,
521,NMBS/SNCB,IC,Liège-Guillemins -- Charleroi-Central,,103,,,
522,NMBS/SNCB,IC,Herstal -- Tamines,,103,,,
523,NMBS/SNCB,S10,Bruxelles-Midi -- Termonde,,100,,,
524,NMBS/SNCB,S64,Charleroi-Central -- Couvin,,100,,,
525,NMBS/SNCB,S64,Charleroi-Central -- Mariembourg,,100,,,
526,NMBS/SNCB,S8,Louvain-la-Neuve -- Bruxelles-Midi,,100,,,
527,NMBS/SNCB,S8,Louvain-la-Neuve -- Audenarde,,100,,,
528,NMBS/SNCB,S8,Louvain-la-Neuve -- Zottegem,,100,,,
529,NMBS/SNCB,S8,Bruxelles-Midi -- Namur,,100,,,
53,NMBS/SNCB,BUS,Anvers-Central -- Hamont,,700,,,
530,NMBS/SNCB,S8,Namur -- Zottegem,,100,,,
531,NMBS/SNCB,S8,Ottignies -- Louvain-la-Neuve,,100,,,
532,NMBS/SNCB,S19,Bruxelles-Luxembourg -- Louvain,,100,,,
533,NMBS/SNCB,S19,Bruxelles-Luxembourg -- Brussels Airport-Zaventem,,100,,,
534,NMBS/SNCB,S19,Nivelles -- Louvain,,100,,,
535,NMBS/SNCB,S19,Bruxelles-Luxembourg -- Nivelles,,100,,,
536,NMBS/SNCB,S19,Nivelles -- Landen,,100,,,
537,NMBS/SNCB,S19,Bruxelles-Luxembourg -- Landen,,100,,,
538,NMBS/SNCB,S19,Nivelles -- Brussels Airport-Zaventem,,100,,,
539,NMBS/SNCB,S19,Nivelles -- Saint-Trond,,100,,,
54,NMBS/SNCB,BUS,Louvain -- Aarschot,,700,,,
540,NMBS/SNCB,S19,Brussels Airport-Zaventem -- Charleroi-Central,,100,,,
541,NMBS/SNCB,S19,Brussels Airport-Zaventem -- Châtelet,,100,,,
542,NMBS/SNCB,IC,Louvain -- Courtrai,,103,,,
543,NMBS/SNCB,IC,Welkenraedt -- Courtrai,,103,,,
544,NMBS/SNCB,L,Mons -- Braine-le-Comte,,100,,,
545,NMBS/SNCB,L,Jurbise -- Braine-le-Comte,,100,,,
546,NMBS/SNCB,IC,Louvain -- Ostende,,103,,,
547,NMBS/SNCB,IC,Louvain -- Termonde,,103,,,
548,NMBS/SNCB,L,Malines -- Louvain,,100,,,
549,NMBS/SNCB,IC,Gand-Saint-Pierre -- Schellebelle,,103,,,
55,NMBS/SNCB,BUS,Malines -- Willebroek,,700,,,
550,NMBS/SNCB,S61,Jambes -- Charleroi-Central,,100,,,
551,NMBS/SNCB,S61,Charleroi-Central -- Tamines,,100,,,
552,NMBS/SNCB,S61,Charleroi-Central -- Jemeppe-sur-Sambre,,100,,,
553,NMBS/SNCB,S61,Ottignies -- Tamines,,100,,,
554,NMBS/SNCB,IC,Gand-Saint-Pierre -- Courtrai,,103,,,
555,NMBS/SNCB,IC,Anvers-Central -- Turnhout,,103,,,
556,NMBS/SNCB,IC,Herentals -- Turnhout,,103,,,
557,NMBS/SNCB,NJ,Wien Hbf -- Bruxelles-Midi,,101,,,
558,NMBS/SNCB,NJ,BERLIN HBF (D) -- Bruxelles-Midi,,101,,,
559,NMBS/SNCB,S62,Luttre -- La Louvière-Sud,,100,,,
56,NMBS/SNCB,BUS,Lierre -- Turnhout,,700,,,
560,NMBS/SNCB,S62,Luttre -- Charleroi-Central,,100,,,
561,NMBS/SNCB,S62,Charleroi-Central -- La Louvière-Centre,,100,,,
562,NMBS/SNCB,L,Charleroi-Central -- La Louvière-Centre,,100,,,
563,NMBS/SNCB,S62,Charleroi-Central -- Manage,,100,,,
564,NMBS/SNCB,S62,Charleroi-Central -- La Louvière-Sud,,100,,,
565,NMBS/SNCB,IC,Anvers-Central -- Hamont,,103,,,
566,NMBS/SNCB,IC,Herentals -- Mol,,103,,,
567,NMBS/SNCB,IC,Mol -- Hamont,,103,,,
568,NMBS/SNCB,IC,Herentals -- Hamont,,103,,,
569,NMBS/SNCB,IC,Anvers-Central -- Neerpelt,,103,,,
57,NMBS/SNCB,BUS,Hasselt -- Louvain,,700,,,
570,NMBS/SNCB,IC,Mol -- Neerpelt,,103,,,
571,NMBS/SNCB,IC,Herentals -- Neerpelt,,103,,,
572,NMBS/SNCB,L,Binche -- Braine-le-Comte,,100,,,
573,NMBS/SNCB,L,La Louvière-Sud -- Braine-le-Comte,,100,,,
574,NMBS/SNCB,L,Charleroi-Central -- Manage,,100,,,
575,NMBS/SNCB,L,Luttre -- Charleroi-Central,,100,,,
576,NMBS/SNCB,L,Charleroi-Central -- La Louvière-Sud,,100,,,
577,NMBS/SNCB,IC,Welkenraedt -- Ostende,,103,,,
578,NMBS/SNCB,L,Hasselt -- Mol,,100,,,
579,NMBS/SNCB,IC,Gand-Saint-Pierre -- Deinze,,103,,,
58,NMBS/SNCB,BUS,Landen -- Waremme,,700,,,
580,NMBS/SNCB,L,Mons -- La Louvière-Sud,,100,,,
581,NMBS/SNCB,L,Quévy -- La Louvière-Sud,,100,,,
582,NMBS/SNCB,L,Charleroi-Central -- Mons,,100,,,
583,NMBS/SNCB,L,Charleroi-Central -- Quévy,,100,,,
584,NMBS/SNCB,S61,Ottignies -- Jambes,,100,,,
585,NMBS/SNCB,S61,Charleroi-Central -- Châtelet,,100,,,
586,NMBS/SNCB,S61,Wavre -- Jambes,,100,,,
587,NMBS/SNCB,S61,Wavre -- Châtelet,,100,,,
588,NMBS/SNCB,S61,Wavre -- Tamines,,100,,,
589,NMBS/SNCB,S61,Jambes -- Fleurus,,100,,,
59,NMBS/SNCB,BUS,Landen -- Liège-Guillemins,,700,,,
590,NMBS/SNCB,S61,Wavre -- Namur,,100,,,
591,NMBS/SNCB,S61,Namur -- Fleurus,,100,,,
592,NMBS/SNCB,S61,Namur -- Charleroi-Central,,100,,,
593,NMBS/SNCB,S61,Ottignies -- Namur,,100,,,
594,NMBS/SNCB,S61,Ottignies -- Châtelet,,100,,,
595,NMBS/SNCB,S61,Charleroi-Central -- Fleurus,,100,,,
596,NMBS/SNCB,S61,Ottignies -- Charleroi-Central,,100,,,
597,NMBS/SNCB,S61,Ottignies -- Wavre,,100,,,
598,NMBS/SNCB,S61,Wavre -- Charleroi-Central,,100,,,
599,NMBS/SNCB,L,Mons -- Tournai,,100,,,
6,NMBS/SNCB,BUS,Termonde -- Schellebelle,,700,,,
60,NMBS/SNCB,BUS,Malines -- Schellebelle,,700,,,
600,NMBS/SNCB,L,Quévy -- Tournai,,100,,,
601,NMBS/SNCB,L,Quévy -- Mouscron,,100,,,
602,NMBS/SNCB,L,Mons -- Mouscron,,100,,,
603,NMBS/SNCB,L,Mons -- Quiévrain,,100,,,
604,NMBS/SNCB,L,Saint-Ghislain -- Quiévrain,,100,,,
605,NMBS/SNCB,L,Luxembourg (LU) -- Athus,,100,,,
606,NMBS/SNCB,L,Mons -- Grammont,,100,,,
607,NMBS/SNCB,L,Mouscron -- Grammont,,100,,,
608,NMBS/SNCB,L,Quévy -- Grammont,,100,,,
609,NMBS/SNCB,L,Tournai -- Grammont,,100,,,
61,NMBS/SNCB,BUS,Bruxelles-Midi -- Nivelles,,700,,,
610,NMBS/SNCB,L,Quévy -- Ath,,100,,,
611,NMBS/SNCB,L,Liège-Guillemins -- Huy,,100,,,
612,NMBS/SNCB,L,Flémalle-Haute -- Huy,,100,,,
613,NMBS/SNCB,L,Liège-Guillemins -- Namur,,100,,,
614,NMBS/SNCB,L,Flémalle-Haute -- Namur,,100,,,
615,NMBS/SNCB,S41,Aachen Hbf (DE) -- Liège-Guillemins,,100,,,
616,NMBS/SNCB,S41,Liège-Guillemins -- Welkenraedt,,100,,,
617,NMBS/SNCB,S41,Aachen Hbf (DE) -- Liège-Saint-Lambert,,100,,,
618,NMBS/SNCB,S41,Liège-Saint-Lambert -- Welkenraedt,,100,,,
619,NMBS/SNCB,S41,Liège-Guillemins -- Liège-Saint-Lambert,,100,,,
62,NMBS/SNCB,BUS,Gouvy -- Trois-Ponts,,700,,,
620,NMBS/SNCB,S41,Liège-Saint-Lambert -- Verviers-Central,,100,,,
621,NMBS/SNCB,S41,Liège-Guillemins -- Verviers-Central,,100,,,
622,NMBS/SNCB,IC,Eupen -- Ostende,,103,,,
623,NMBS/SNCB,IC,Verviers-Central -- Ostende,,103,,,
624,NMBS/SNCB,S41,Aachen Hbf (DE) -- Verviers-Central,,100,,,
625,NMBS/SNCB,IC,Bruxelles-Midi -- Courtrai,,103,,,
626,NMBS/SNCB,S44,Landen -- Visé,,100,,,
627,NMBS/SNCB,S44,Landen -- Liège-Guillemins,,100,,,
628,NMBS/SNCB,S44,Waremme -- Visé,,100,,,
629,NMBS/SNCB,S44,Liège-Guillemins -- Waremme,,100,,,
63,NMBS/SNCB,BUS,Maastricht (NL) -- Visé,,700,,,
630,NMBS/SNCB,S42,Liège-Guillemins -- Flémalle-Haute,,100,,,
631,NMBS/SNCB,S42,Liers -- Flémalle-Haute,,100,,,
632,NMBS/SNCB,IC,Luxembourg (LU) -- Gouvy,,103,,,
633,NMBS/SNCB,IC,Luxembourg (LU) -- Liège-Guillemins,,103,,,
634,NMBS/SNCB,IC,Luxembourg (LU) -- Rivage,,103,,,
635,NMBS/SNCB,IC,Luxembourg (LU) -- Liers,,103,,,
636,NMBS/SNCB,IC,Liers -- Gouvy,,103,,,
637,NMBS/SNCB,IC,Liège-Guillemins -- Gouvy,,103,,,
638,NMBS/SNCB,IC,Rivage -- Gouvy,,103,,,
639,NMBS/SNCB,IC,Luxembourg (LU) -- Trois-Ponts,,103,,,
64,NMBS/SNCB,BUS,Welkenraedt -- Eupen,,700,,,
640,NMBS/SNCB,S41,Hasselt -- Verviers-Central,,100,,,
641,NMBS/SNCB,S41,Hasselt -- Liers,,100,,,
642,NMBS/SNCB,S41,Hasselt -- Liège-Guillemins,,100,,,
643,NMBS/SNCB,S41,Tongres -- Liège-Guillemins,,100,,,
644,NMBS/SNCB,S41,Hasselt -- Tongres,,100,,,
645,NMBS/SNCB,IC,Welkenraedt -- Gand-Saint-Pierre,,103,,,
646,NMBS/SNCB,L,Malines -- Gand-Saint-Pierre,,100,,,
647,NMBS/SNCB,L,Malines -- Bruges,,100,,,
648,NMBS/SNCB,L,Malines -- Termonde,,100,,,
649,NMBS/SNCB,L,Malines -- Londerzeel,,100,,,
65,NMBS/SNCB,BUS,Liège-Guillemins -- Rivage,,700,,,
650,NMBS/SNCB,L,Malines -- Schellebelle,,100,,,
651,NMBS/SNCB,L,Liers -- Marloie,,100,,,
652,NMBS/SNCB,L,Liège-Guillemins -- Marloie,,100,,,
653,NMBS/SNCB,L,Rivage -- Marloie,,100,,,
654,NMBS/SNCB,L,Liers -- Bomal,,100,,,
655,NMBS/SNCB,L,Liers -- Rochefort-Jemelle,,100,,,
656,NMBS/SNCB,L,Liège-Guillemins -- Rochefort-Jemelle,,100,,,
657,NMBS/SNCB,L,Malines -- Zeebrugge-Dorp,,100,,,
658,NMBS/SNCB,L,Malines -- Zeebrugge-Strand,,100,,,
659,NMBS/SNCB,L,Rivage -- Rochefort-Jemelle,,100,,,
66,NMBS/SNCB,BUS,Liège-Guillemins -- Trois-Ponts,,700,,,
660,NMBS/SNCB,L,Zeebrugge-Strand -- Gand-Saint-Pierre,,100,,,
661,NMBS/SNCB,IC,Louvain -- Charleroi-Central,,103,,,
662,NMBS/SNCB,IC,Ottignies -- Louvain,,103,,,
663,NMBS/SNCB,IC,Ottignies -- Fleurus,,103,,,
664,NMBS/SNCB,IC,Wavre -- Charleroi-Central,,103,,,
665,NMBS/SNCB,IC,Louvain -- Tilly,,103,,,
666,NMBS/SNCB,L,Termonde -- Schellebelle,,100,,,
667,NMBS/SNCB,IC,Louvain -- Fleurus,,103,,,
668,NMBS/SNCB,IC,Wavre -- Fleurus,,103,,,
669,NMBS/SNCB,IC,Ottignies -- Charleroi-Central,,103,,,
67,NMBS/SNCB,BUS,Tongres -- Liers,,700,,,
670,NMBS/SNCB,IC,Ottignies -- Tilly,,103,,,
671,NMBS/SNCB,L,Namur -- Ciney,,100,,,
672,NMBS/SNCB,L,Zeebrugge-Dorp -- Termonde,,100,,,
673,NMBS/SNCB,L,Luxembourg (LU) -- Arlon,,100,,,
674,NMBS/SNCB,L,Libramont -- Arlon,,100,,,
675,NMBS/SNCB,L,Bertrix -- Arlon,,100,,,
676,NMBS/SNCB,L,Libramont -- Athus,,100,,,
677,NMBS/SNCB,L,Libramont -- Bertrix,,100,,,
678,NMBS/SNCB,L,Namur -- Libramont,,100,,,
679,NMBS/SNCB,L,Namur -- Yvoir,,100,,,
68,NMBS/SNCB,BUS,Gembloux -- Namur,,700,,,
680,NMBS/SNCB,L,Namur -- Bertrix,,100,,,
681,NMBS/SNCB,L,Namur -- Dinant,,100,,,
682,NMBS/SNCB,L,Rochefort-Jemelle -- Ciney,,100,,,
683,NMBS/SNCB,L,Ottignies -- Namur,,100,,,
684,NMBS/SNCB,L,Ottignies -- Gembloux,,100,,,
685,NMBS/SNCB,L,Ottignies -- Rhisnes,,100,,,
686,NMBS/SNCB,S8,Schaerbeek -- Louvain-la-Neuve,,100,,,
687,NMBS/SNCB,S53,Gand-Saint-Pierre -- Lokeren,,100,,,
688,NMBS/SNCB,S8,Ottignies -- Zottegem,,100,,,
689,NMBS/SNCB,S8,Ottignies -- Bruxelles-Midi,,100,,,
69,NMBS/SNCB,BUS,Liège-Guillemins -- Verviers-Central,,700,,,
690,NMBS/SNCB,S8,Bruxelles-Midi -- Zottegem,,100,,,
691,NMBS/SNCB,S8,Bruxelles-Luxembourg -- Zottegem,,100,,,
692,NMBS/SNCB,S8,Ottignies -- Denderleeuw,,100,,,
693,NMBS/SNCB,S8,Bruxelles-Midi -- Denderleeuw,,100,,,
694,NMBS/SNCB,S53,Anvers-Central -- Lokeren,,100,,,
695,NMBS/SNCB,S53,Anvers-Central -- Gand-Saint-Pierre,,100,,,
696,NMBS/SNCB,S53,Renaix -- Lokeren,,100,,,
697,NMBS/SNCB,S8,Bruxelles-Nord -- Zottegem,,100,,,
698,NMBS/SNCB,S8,Bruxelles-Nord -- Denderleeuw,,100,,,
699,NMBS/SNCB,S8,Schaerbeek -- Zottegem,,100,,,
7,NMBS/SNCB,BUS,Deinze -- Courtrai,,700,,,
70,NMBS/SNCB,BUS,Maastricht (NL) -- Liège-Guillemins,,700,,,
700,NMBS/SNCB,S6,Bruxelles-Midi -- Grammont,,100,,,
701,NMBS/SNCB,S53,Audenarde -- Lokeren,,100,,,
702,NMBS/SNCB,S35,Anvers-Central -- Noorderkempen (Brecht),,100,,,
703,NMBS/SNCB,L,Spa-Géronstère -- Welkenraedt,,100,,,
704,NMBS/SNCB,L,Verviers-Central -- Spa-Géronstère,,100,,,
705,NMBS/SNCB,BUS,Luxembourg (LU) -- Pétange (LU),,700,,,
706,NMBS/SNCB,P,Schaerbeek -- Ostende,,103,,,
707,NMBS/SNCB,P,Schaerbeek -- La Panne,,103,,,
708,NMBS/SNCB,P,Schaerbeek -- Poperinge,,103,,,
709,NMBS/SNCB,P,Gand-Saint-Pierre -- Alost,,103,,,
71,NMBS/SNCB,BUS,Arlon -- Athus,,700,,,
710,NMBS/SNCB,P,Schaerbeek -- Gand-Saint-Pierre,,103,,,
711,NMBS/SNCB,P,Schaerbeek -- Saint-Nicolas,,103,,,
712,NMBS/SNCB,IC,Anvers-Central -- Poperinge,,103,,,
713,NMBS/SNCB,IC,Anvers-Central -- Courtrai,,103,,,
714,NMBS/SNCB,IC,Saint-Nicolas -- Poperinge,,103,,,
715,NMBS/SNCB,P,Bruges -- Gand-Saint-Pierre,,103,,,
716,NMBS/SNCB,P,Bruges -- Blankenberge,,103,,,
717,NMBS/SNCB,P,Bruges -- Zeebrugge-Dorp,,103,,,
718,NMBS/SNCB,IC,Lille Flandres (FR) -- Anvers-Central,,103,,,
719,NMBS/SNCB,P,Bruges -- Knokke,,103,,,
72,NMBS/SNCB,BUS,Liège-Guillemins -- Welkenraedt,,700,,,
720,NMBS/SNCB,S4,Bruxelles-Luxembourg -- Alost,,100,,,
721,NMBS/SNCB,S4,Bruxelles-Midi -- Alost,,100,,,
722,NMBS/SNCB,P,Courtrai -- Poperinge,,103,,,
723,NMBS/SNCB,S51,Gand-Saint-Pierre -- Eeklo,,100,,,
724,NMBS/SNCB,P,Louvain -- Saint-Nicolas,,103,,,
725,NMBS/SNCB,P,Malines -- Saint-Nicolas,,103,,,
726,NMBS/SNCB,P,Gand-Saint-Pierre -- Termonde,,103,,,
727,NMBS/SNCB,P,Malines -- Termonde,,103,,,
728,NMBS/SNCB,P,Louvain -- Termonde,,103,,,
729,NMBS/SNCB,BUS,Melsele -- Zwijndrecht,,700,,,
73,NMBS/SNCB,BUS,Rivage -- Gouvy,,700,,,
730,NMBS/SNCB,BUS,Zwijndrecht -- Zwijndrecht,,700,,,
731,NMBS/SNCB,P,Bruxelles-Midi -- Mol,,103,,,
732,NMBS/SNCB,P,Bruxelles-Midi -- Neerpelt,,103,,,
733,NMBS/SNCB,P,Noorderkempen (Brecht) -- Anvers-Berchem,,103,,,
734,NMBS/SNCB,P,Brussels Airport-Zaventem -- Noorderkempen (Brecht),,103,,,
735,NMBS/SNCB,P,Anvers-Central -- Essen,,103,,,
736,NMBS/SNCB,S33,Anvers-Berchem -- Herentals,,100,,,
737,NMBS/SNCB,S33,Lierre -- Herentals,,100,,,
738,NMBS/SNCB,P,Lierre -- Herentals,,103,,,
739,NMBS/SNCB,P,Anvers-Central -- Aarschot,,103,,,
74,NMBS/SNCB,BUS,Liège-Guillemins -- Gouvy,,700,,,
740,NMBS/SNCB,P,Anvers-Central -- Louvain,,103,,,
741,NMBS/SNCB,P,Anvers-Berchem -- Aarschot,,103,,,
742,NMBS/SNCB,P,Bruxelles-Midi -- Landen,,103,,,
743,NMBS/SNCB,P,Bruxelles-Midi -- Genk,,103,,,
744,NMBS/SNCB,P,Bruxelles-Midi -- Tongres,,103,,,
745,NMBS/SNCB,P,Genk -- Louvain,,103,,,
746,NMBS/SNCB,P,Bruxelles-Midi -- Brussels Airport-Zaventem,,103,,,
747,NMBS/SNCB,P,Hasselt -- Genk,,103,,,
748,NMBS/SNCB,P,Hasselt -- Louvain,,103,,,
749,NMBS/SNCB,P,Malines -- Hasselt,,103,,,
75,NMBS/SNCB,BUS,Verviers-Central -- Spa-Géronstère,,700,,,
750,NMBS/SNCB,S44,Landen -- Ans,,100,,,
751,NMBS/SNCB,P,Malines -- Louvain,,103,,,
752,NMBS/SNCB,P,Bruxelles-Midi -- Liège-Guillemins,,103,,,
753,NMBS/SNCB,IC,Anvers-Berchem -- Poperinge,,103,,,
754,NMBS/SNCB,P,Liège-Guillemins -- Statte,,103,,,
755,NMBS/SNCB,P,Liège-Guillemins -- Gouvy,,103,,,
756,NMBS/SNCB,P,Huy -- Namur,,103,,,
757,NMBS/SNCB,P,Liège-Guillemins -- Bomal,,103,,,
758,NMBS/SNCB,P,Verviers-Central -- Spa-Géronstère,,103,,,
759,NMBS/SNCB,P,Tournai -- Mouscron,,103,,,
76,NMBS/SNCB,BUS,Liège-Guillemins -- Liège-Saint-Lambert,,700,,,
760,NMBS/SNCB,P,Schaerbeek -- Mouscron,,103,,,
761,NMBS/SNCB,S51,Renaix -- Eeklo,,100,,,
762,NMBS/SNCB,P,Mons -- Tournai,,103,,,
763,NMBS/SNCB,P,Saint-Ghislain -- Tournai,,103,,,
764,NMBS/SNCB,S51,Gand-Saint-Pierre -- Renaix,,100,,,
765,NMBS/SNCB,S51,De Pinte -- Eeklo,,100,,,
766,NMBS/SNCB,S51,Audenarde -- Eeklo,,100,,,
767,NMBS/SNCB,P,Mons -- Ath,,103,,,
768,NMBS/SNCB,P,Jurbise -- Ath,,103,,,
769,NMBS/SNCB,P,Ath -- Grammont,,103,,,
77,NMBS/SNCB,BUS,Liège-Guillemins -- Waremme,,700,,,
770,NMBS/SNCB,P,Mons -- Grammont,,103,,,
771,NMBS/SNCB,P,Bruxelles-Midi -- Rochefort-Jemelle,,103,,,
772,NMBS/SNCB,P,Luxembourg (LU) -- Namur,,103,,,
773,NMBS/SNCB,P,Luxembourg (LU) -- Libramont,,103,,,
774,NMBS/SNCB,P,Luxembourg (LU) -- Bruxelles-Midi,,103,,,
775,NMBS/SNCB,P,Ottignies -- Gembloux,,103,,,
776,NMBS/SNCB,P,Gembloux -- Namur,,103,,,
777,NMBS/SNCB,P,Ottignies -- Namur,,103,,,
778,NMBS/SNCB,P,Luxembourg (LU) -- Arlon,,103,,,
779,NMBS/SNCB,S81,Schaerbeek -- Louvain-la-Neuve,,100,,,
78,NMBS/SNCB,BUS,Liège-Guillemins -- Herstal,,700,,,
780,NMBS/SNCB,S81,Schaerbeek -- Ottignies,,100,,,
781,NMBS/SNCB,P,Arlon -- Virton,,103,,,
782,NMBS/SNCB,P,Bertrix -- Arlon,,103,,,
783,NMBS/SNCB,P,Namur -- Ciney,,103,,,
784,NMBS/SNCB,P,Rochefort-Jemelle -- Libramont,,103,,,
785,NMBS/SNCB,P,Liège-Saint-Lambert -- Rochefort-Jemelle,,103,,,
786,NMBS/SNCB,P,Liège-Guillemins -- Rochefort-Jemelle,,103,,,
787,NMBS/SNCB,P,Liège-Guillemins -- Marloie,,103,,,
788,NMBS/SNCB,P,Ciney -- Libramont,,103,,,
789,NMBS/SNCB,P,Dinant -- Bertrix,,103,,,
79,NMBS/SNCB,BUS,Ans -- Waremme,,700,,,
790,NMBS/SNCB,P,Namur -- Bertrix,,103,,,
791,NMBS/SNCB,P,Libramont -- Arlon,,103,,,
792,NMBS/SNCB,P,Libramont -- Gedinne,,103,,,
793,NMBS/SNCB,P,Libramont -- Virton,,103,,,
794,NMBS/SNCB,P,Gembloux -- Tamines,,103,,,
795,NMBS/SNCB,P,Gembloux -- Jemeppe-sur-Sambre,,103,,,
796,NMBS/SNCB,S51,Gand-Saint-Pierre -- De Pinte,,100,,,
797,NMBS/SNCB,S51,Gand-Saint-Pierre -- Audenarde,,100,,,
798,NMBS/SNCB,P,Schaerbeek -- Jemeppe-sur-Sambre,,103,,,
799,NMBS/SNCB,P,Binche -- Braine-le-Comte,,103,,,
8,NMBS/SNCB,BUS,Courtrai -- Menin,,700,,,
80,NMBS/SNCB,BUS,Namur -- Tamines,,700,,,
800,NMBS/SNCB,P,Charleroi-Central -- Couvin,,103,,,
801,NMBS/SNCB,P,Charleroi-Central -- Walcourt,,103,,,
802,NMBS/SNCB,P,Mons -- La Louvière-Sud,,103,,,
803,NMBS/SNCB,P,Manage -- Braine-le-Comte,,103,,,
804,NMBS/SNCB,P,Luttre -- Charleroi-Central,,103,,,
805,NMBS/SNCB,P,Schaerbeek -- Quiévrain,,103,,,
806,NMBS/SNCB,P,Braine-le-Comte -- Quiévrain,,103,,,
807,NMBS/SNCB,P,Schaerbeek -- Mons,,103,,,
808,NMBS/SNCB,P,Braine-le-Comte -- Saint-Ghislain,,103,,,
809,NMBS/SNCB,P,Schaerbeek -- Saint-Ghislain,,103,,,
81,NMBS/SNCB,BUS,Ottignies -- Sint-Joris-Weert,,700,,,
810,NMBS/SNCB,P,Schaerbeek -- Quévy,,103,,,
811,NMBS/SNCB,P,Saint-Ghislain -- Quiévrain,,103,,,
812,NMBS/SNCB,P,Mons -- Quiévrain,,103,,,
813,NMBS/SNCB,P,Mons -- Quévy,,103,,,
814,NMBS/SNCB,P,Mons -- Saint-Ghislain,,103,,,
815,NMBS/SNCB,BUS,Aachen Hbf (DE) -- Heerlen,,700,,,
816,NMBS/SNCB,BUS,Herzogenrath -- Heerlen,,700,,,
817,NMBS/SNCB,P,Ostende -- Courtrai,,103,,,
818,NMBS/SNCB,P,Blankenberge -- Courtrai,,103,,,
819,NMBS/SNCB,P,Knokke -- Courtrai,,103,,,
82,NMBS/SNCB,BUS,Aachen Hbf (DE) -- Welkenraedt,,700,,,
820,NMBS/SNCB,P,Bruges -- Courtrai,,103,,,
821,NMBS/SNCB,P,Grammont -- Denderleeuw,,103,,,
822,NMBS/SNCB,P,Zottegem -- Courtrai,,103,,,
823,NMBS/SNCB,P,Gand-Saint-Pierre -- Grammont,,103,,,
824,NMBS/SNCB,S52,Zottegem -- Grammont,,100,,,
825,NMBS/SNCB,P,Alost -- Burst,,103,,,
826,NMBS/SNCB,P,Courtrai -- Roulers,,103,,,
827,NMBS/SNCB,P,Gand-Saint-Pierre -- Courtrai,,103,,,
828,NMBS/SNCB,P,Gand-Saint-Pierre -- La Panne,,103,,,
829,NMBS/SNCB,P,Louvain -- La Panne,,103,,,
83,NMBS/SNCB,BUS,Ottignies -- Louvain,,700,,,
830,NMBS/SNCB,IC,Bruges -- Courtrai,,103,,,
831,NMBS/SNCB,P,Zeebrugge-Dorp -- Gand-Saint-Pierre,,103,,,
832,NMBS/SNCB,IC,Lichtervelde -- Courtrai,,103,,,
833,NMBS/SNCB,P,Mol -- Hamont,,103,,,
834,NMBS/SNCB,P,Hamont -- Sint-Joris-Weert,,103,,,
835,NMBS/SNCB,P,Lierre -- Sint-Joris-Weert,,103,,,
836,NMBS/SNCB,P,Mol -- Sint-Joris-Weert,,103,,,
837,NMBS/SNCB,P,Herentals -- Sint-Joris-Weert,,103,,,
838,NMBS/SNCB,P,Hamont -- Louvain,,103,,,
839,NMBS/SNCB,IC,Bruges -- Lichtervelde,,103,,,
84,NMBS/SNCB,BUS,Ottignies -- Bruxelles-Midi,,700,,,
840,NMBS/SNCB,P,Mol -- Louvain,,103,,,
841,NMBS/SNCB,P,Lierre -- Louvain,,103,,,
842,NMBS/SNCB,P,Essen -- Sint-Joris-Weert,,103,,,
843,NMBS/SNCB,P,Essen -- Louvain,,103,,,
844,NMBS/SNCB,P,Tongres -- Gand-Saint-Pierre,,103,,,
845,NMBS/SNCB,P,Hasselt -- Gand-Saint-Pierre,,103,,,
846,NMBS/SNCB,P,Bruxelles-Midi -- Hasselt,,103,,,
847,NMBS/SNCB,P,Tongres -- Louvain,,103,,,
848,NMBS/SNCB,P,Liège-Guillemins -- Namur,,103,,,
849,NMBS/SNCB,P,Ottignies -- Mouscron,,103,,,
85,NMBS/SNCB,BUS,Bruxelles-Luxembourg -- Ottignies,,700,,,
850,NMBS/SNCB,P,Bruxelles-Nord -- Tournai,,103,,,
851,NMBS/SNCB,P,Louvain-la-Neuve -- Mouscron,,103,,,
852,NMBS/SNCB,P,Louvain-la-Neuve -- Enghien,,103,,,
853,NMBS/SNCB,L,Gand-Saint-Pierre -- Courtrai,,100,,,
854,NMBS/SNCB,L,Malines -- Courtrai,,100,,,
855,NMBS/SNCB,P,Tournai -- Ath,,103,,,
856,NMBS/SNCB,P,Bruxelles-Midi -- Namur,,103,,,
857,NMBS/SNCB,P,Namur -- Rochefort-Jemelle,,103,,,
858,NMBS/SNCB,P,Louvain-la-Neuve -- Rochefort-Jemelle,,103,,,
859,NMBS/SNCB,P,Herstal -- Arlon,,103,,,
86,NMBS/SNCB,BUS,Rhisnes -- Namur,,700,,,
860,NMBS/SNCB,P,Herstal -- Marloie,,103,,,
861,NMBS/SNCB,P,Rivage -- Arlon,,103,,,
862,NMBS/SNCB,P,Rochefort-Jemelle -- Arlon,,103,,,
863,NMBS/SNCB,P,Namur -- Arlon,,103,,,
864,NMBS/SNCB,P,Herstal -- Rochefort-Jemelle,,103,,,
865,NMBS/SNCB,P,Marloie -- Libramont,,103,,,
866,NMBS/SNCB,P,Louvain-la-Neuve -- Binche,,103,,,
867,NMBS/SNCB,P,Ottignies -- Binche,,103,,,
868,NMBS/SNCB,P,Louvain-la-Neuve -- Manage,,103,,,
869,NMBS/SNCB,P,Bruxelles-Nord -- Binche,,103,,,
87,NMBS/SNCB,BUS,Yvoir -- Gendron-Celles,,700,,,
870,NMBS/SNCB,P,Schaerbeek -- Binche,,103,,,
871,NMBS/SNCB,L,Termonde -- Courtrai,,100,,,
872,NMBS/SNCB,P,Schaerbeek -- Châtelet,,103,,,
873,NMBS/SNCB,L,Charleroi-Central -- Couvin,,100,,,
874,NMBS/SNCB,P,Mons -- Manage,,103,,,
875,NMBS/SNCB,S62,Luttre -- Manage,,100,,,
876,NMBS/SNCB,P,Quévy -- Braine-le-Comte,,103,,,
877,NMBS/SNCB,P,Sint-Joris-Weert -- Poperinge,,103,,,
878,NMBS/SNCB,P,Sint-Joris-Weert -- Courtrai,,103,,,
879,NMBS/SNCB,P,Louvain -- Poperinge,,103,,,
88,NMBS/SNCB,BUS,Dinant -- Yvoir,,700,,,
880,NMBS/SNCB,P,Alost -- Grammont,,103,,,
881,NMBS/SNCB,S6,Alost -- Grammont,,100,,,
882,NMBS/SNCB,P,Gand-Saint-Pierre -- Denderleeuw,,103,,,
883,NMBS/SNCB,P,Gand-Saint-Pierre -- Lichtervelde,,103,,,
884,NMBS/SNCB,IC,Namur -- Charleroi-Central,,103,,,
885,NMBS/SNCB,IC,Namur -- Courtrai,,103,,,
886,NMBS/SNCB,IC,Amsterdam Cs (NL) -- Bruxelles-Midi,,103,,,
887,NMBS/SNCB,IC,Rotterdam CS (NL) -- Bruxelles-Midi,,103,,,
888,NMBS/SNCB,L,Rochefort-Jemelle -- Libramont,,100,,,
889,NMBS/SNCB,L,Marloie -- Libramont,,100,,,
89,NMBS/SNCB,BUS,Mons -- Quévy,,700,,,
890,NMBS/SNCB,L,Liers -- Libramont,,100,,,
9,NMBS/SNCB,BUS,Malines -- Termonde,,700,,,
90,NMBS/SNCB,BUS,La Louvière-Centre -- La Louvière-Sud,,700,,,
91,NMBS/SNCB,BUS,Hal -- Ath,,700,,,
92,NMBS/SNCB,BUS,Enghien -- Ath,,700,,,
93,NMBS/SNCB,BUS,La Louvière-Sud -- Braine-le-Comte,,700,,,
94,NMBS/SNCB,BUS,Charleroi-Central -- Tamines,,700,,,
95,NMBS/SNCB,BUS,Hal -- Tournai,,700,,,
96,NMBS/SNCB,BUS,Maubeuge (FR) -- Charleroi-Central,,700,,,
97,NMBS/SNCB,BUS,Hal -- Braine-le-Comte,,700,,,
98,NMBS/SNCB,BUS,Charleroi-Central -- Fleurus,,700,,,
99,NMBS/SNCB,BUS,Châtelet -- Tamines,,700,,,
